"","X.15.","ss.loglik","calltime"
"1","15",-5459.67680012135,4.07738188107808
