"","X.13.","ss.loglik","calltime"
"1","13",-5507.92239197727,3.99459498325984
