"","X.14.","ss.loglik","calltime"
"1","14",-5559.34463840051,3.9880987683932
