"","X.19.","ss.loglik","calltime"
"1","19",-5478.79032282795,2.45953808228175
