"","X.1.","ss.loglik","calltime"
"1","1",-5505.8728367659,3.8546885172526
