"","X.18.","ss.loglik","calltime"
"1","18",-5507.35143423229,3.42692923545837
