"","X.16.","ss.loglik","calltime"
"1","16",-5500.9522612745,3.99420571724574
