"","X.11.","ss.loglik","calltime"
"1","11",-5396.45303567242,2.55051089922587
