"","X.17.","ss.loglik","calltime"
"1","17",-5538.41465594007,3.97123639980952
