"","X.12.","ss.loglik","calltime"
"1","12",-5413.8314511265,3.98941348393758
