"","X.10.","ss.loglik","calltime"
"1","10",-5752.93483910115,2.53815073569616
