"","X.20.","ss.loglik","calltime"
"1","20",-5567.09440838314,2.46986628373464
