"","X.2.","ss.loglik","calltime"
"1","2",-5486.67210396742,2.529250117143
