"","X.3.","ss.loglik","calltime"
"1","3",-5588.04288604499,3.9978922645251
