"","X.4.","ss.loglik","calltime"
"1","4",-5566.25259547284,3.33488749663035
