"","X.5.","ss.loglik","calltime"
"1","5",-5591.81204387856,2.56792807976405
