"","X.6.","ss.loglik","calltime"
"1","6",-5468.09175248703,2.59917358557383
