"","X.7.","ss.loglik","calltime"
"1","7",-5608.12008977172,2.55903566678365
