"","X.8.","ss.loglik","calltime"
"1","8",-5574.33054457624,3.92166613340378
