"","X.9.","ss.loglik","calltime"
"1","9",-5502.4939972031,2.58151583274206
