"","X.20.","ss.loglik","calltime"
"1","20",-6900.86678977792,36.8196918964386
