"","X.20.","ss.loglik","calltime"
"1","20",-6833.16309226627,7.68127107620239
