"R0","amplitude","gamma","mu","sigma","rho","psi","S_0","E_0","R_0","I_0"
26.72814,0.273413,73.05,0.043163,45.66,0.513282,0.965781,0.008211,0.001634,0.990156,1.10E-08
